Handle,Title,Body (HTML),Vendor,Type,Tags,Published,Option1 Name,Option1 Value,Variant SKU,Variant Grams,Variant Inventory Tracker,Variant Inventory Qty,Variant Inventory Policy,Variant Fulfillment Service,Variant Price,Variant Requires Shipping,Variant Taxable,Image Src,Image Position,Image Alt Text,Variant Image,Status
shower-filter,The Shower Filter,"<p>Hard water is hard on a daily routine. The Bluvana Shower Filter threads onto a standard shower fitting and runs every shower through a 20 stage cartridge that reduces chlorine, rust and sediment before the water reaches you.</p><p>Choose the inline filter to keep the showerhead you already own, or a filtered showerhead in two styles: Multi Spray, with six selectable spray settings, and Luxe Flow, a round rain style face in polished chrome. Each is also available bundled with three extra cartridges.</p><p>Installation takes a few minutes and needs no tools. Cartridges twist out and drop in, and replacements are always available here, so the filter you mount today stays useful for years.</p>",Bluvana,Shower and bath,"shower-and-bath, filter, water",TRUE,Configuration,Shower Filter,BV-FI,500,shopify,100,continue,manual,39.95,TRUE,TRUE,https://img.kwcdn.com/product/fancy/a3f849f4-c1ae-4cbb-a29f-597187c7bfd6.jpg,1,Chrome inline shower filter,https://img.kwcdn.com/product/fancy/a3f849f4-c1ae-4cbb-a29f-597187c7bfd6.jpg,active
shower-filter,,,,,,,Configuration,Filter + 3 Extra Cartridges,BV-FI-3CA,900,shopify,100,continue,manual,69.95,TRUE,TRUE,,,,https://img.kwcdn.com/product/fancy/c843fe30-9cee-4dc7-a6d8-f5c010dfe93c.jpg,
shower-filter,,,,,,,Configuration,Multi Spray Filtered Showerhead,BV-HE-MS,700,shopify,100,continue,manual,59.95,TRUE,TRUE,,,,https://img.kwcdn.com/product/fancy/6fc73cc9-f066-4d3c-917d-1c20adc3329b.jpg,
shower-filter,,,,,,,Configuration,Multi Spray Showerhead + 3 Extra Cartridges,BV-HE-MS-3CA,1100,shopify,100,continue,manual,89.95,TRUE,TRUE,,,,https://img.kwcdn.com/product/fancy/a1279306-3d17-4647-83f9-97b2bc828386.jpg,
shower-filter,,,,,,,Configuration,Luxe Flow Filtered Showerhead,BV-HE-LF,700,shopify,100,continue,manual,69.95,TRUE,TRUE,,,,https://img.kwcdn.com/product/fancy/88e2f41c-7cfb-461e-b306-bf816ee92de5.jpg,
shower-filter,,,,,,,Configuration,Luxe Flow Showerhead + 3 Extra Cartridges,BV-HE-LF-3CA,1100,shopify,100,continue,manual,95.95,TRUE,TRUE,,,,https://img.kwcdn.com/product/fancy/781a7382-19f2-4766-aaf8-82058f47a577.jpg,
shower-filter,,,,,,,Configuration,Replacement Cartridge,BV-CA,300,shopify,100,continue,manual,19.95,TRUE,TRUE,,,,https://img.kwcdn.com/product/fancy/227dbe0c-aef9-4f83-bbb5-8ac9759af7ec.jpg,
shower-filter,,,,,,,,,,,,,,,,,,https://img.kwcdn.com/product/fancy/c843fe30-9cee-4dc7-a6d8-f5c010dfe93c.jpg,2,Shower filter with three cartridges,,
shower-filter,,,,,,,,,,,,,,,,,,https://img.kwcdn.com/product/fancy/6fc73cc9-f066-4d3c-917d-1c20adc3329b.jpg,3,Multi spray filtered showerhead,,
shower-filter,,,,,,,,,,,,,,,,,,https://img.kwcdn.com/product/fancy/a1279306-3d17-4647-83f9-97b2bc828386.jpg,4,Multi spray showerhead with cartridges,,
shower-filter,,,,,,,,,,,,,,,,,,https://img.kwcdn.com/product/fancy/88e2f41c-7cfb-461e-b306-bf816ee92de5.jpg,5,Luxe flow filtered showerhead in polished chrome,,
shower-filter,,,,,,,,,,,,,,,,,,https://img.kwcdn.com/product/fancy/781a7382-19f2-4766-aaf8-82058f47a577.jpg,6,Luxe flow showerhead with cartridges,,
shower-filter,,,,,,,,,,,,,,,,,,https://img.kwcdn.com/product/fancy/227dbe0c-aef9-4f83-bbb5-8ac9759af7ec.jpg,7,Replacement filter cartridge,,
shower-filter,,,,,,,,,,,,,,,,,,https://img.kwcdn.com/product/fancy/c34b211e-6634-41f1-963f-ec23d704f8dc.jpg,8,Shower filter detail,,
shower-filter,,,,,,,,,,,,,,,,,,https://img.kwcdn.com/product/fancy/994a4035-b730-4b87-bd2a-9520fd2408fc.jpg,9,Luxe flow showerhead detail,,
shower-filter,,,,,,,,,,,,,,,,,,https://img.kwcdn.com/product/fancy/5784482e-baa2-4122-94d2-941804e33341.jpg,10,Cartridge detail,,
