Handle,Title,Body (HTML),Vendor,Type,Tags,Published,Option1 Name,Option1 Value,Option2 Name,Option2 Value,Variant SKU,Variant Inventory Policy,Variant Fulfillment Service,Variant Price,Variant Compare At Price,Variant Requires Shipping,Variant Taxable,Image Src,Image Position,Image Alt Text,Variant Image,Status
shower-filter,The Shower Filter,"<p>20 stages between the pipe and your skin. Reduces chlorine, rust and sediment in every shower. Installs by hand in 5 minutes.</p>",Bluvana,Shower Filtration,"shower, filter, water",TRUE,Color,Chrome,Purchase,Filter only,BV-SF-CH-1,deny,manual,39.95,,TRUE,TRUE,https://em3i5y-qa.myshopify.com/cdn/shop/t/3/assets/bvp-render-inline.jpg,1,20-stage shower filter cutaway,https://cdn.shopify.com/s/files/1/0677/5223/0974/files/a3f849f4-c1ae-4cbb-a29f-597187c7bfd6.jpg,active
shower-filter,,,,,,,,Chrome,,Filter + 3 cartridges,BV-SF-CH-4,deny,manual,69.95,99.80,TRUE,TRUE,https://cdn.shopify.com/s/files/1/0677/5223/0974/files/a3f849f4-c1ae-4cbb-a29f-597187c7bfd6.jpg,2,Chrome shower filter,https://cdn.shopify.com/s/files/1/0677/5223/0974/files/c843fe30-9cee-4dc7-a6d8-f5c010dfe93c.jpg,
shower-filter,,,,,,,,Matte Black,,Filter only,BV-SF-BK-1,deny,manual,39.95,,TRUE,TRUE,https://em3i5y-qa.myshopify.com/cdn/shop/t/3/assets/bvp-render-black.jpg,3,Matte black shower filter,https://em3i5y-qa.myshopify.com/cdn/shop/t/3/assets/bvp-render-black.jpg,
shower-filter,,,,,,,,Matte Black,,Filter + 3 cartridges,BV-SF-BK-4,deny,manual,69.95,99.80,TRUE,TRUE,https://cdn.shopify.com/s/files/1/0677/5223/0974/files/c843fe30-9cee-4dc7-a6d8-f5c010dfe93c.jpg,4,,https://em3i5y-qa.myshopify.com/cdn/shop/t/3/assets/bvp-render-black.jpg,
shower-filter,,,,,,,,,,,,,,,,,,https://cdn.shopify.com/s/files/1/0677/5223/0974/files/227dbe0c-aef9-4f83-bbb5-8ac9759af7ec.jpg,5,,,
shower-filter,,,,,,,,,,,,,,,,,,https://cdn.shopify.com/s/files/1/0677/5223/0974/files/c34b211e-6634-41f1-963f-ec23d704f8dc.jpg,6,,,
shower-filter,,,,,,,,,,,,,,,,,,https://cdn.shopify.com/s/files/1/0677/5223/0974/files/994a4035-b730-4b87-bd2a-9520fd2408fc.jpg,7,,,
multi-spray-showerhead,The Multi Spray Showerhead,"<p>The 20-stage filter built into a six-setting showerhead. One piece, filtered at the face. Installs by hand in 5 minutes.</p>",Bluvana,Shower Filtration,"shower, filter, water",TRUE,Purchase,Showerhead only,,,BV-MS-1,deny,manual,59.95,,TRUE,TRUE,https://em3i5y-qa.myshopify.com/cdn/shop/t/3/assets/bvp-render-multi.jpg,1,Multi spray filtered showerhead,https://cdn.shopify.com/s/files/1/0677/5223/0974/files/6fc73cc9-f066-4d3c-917d-1c20adc3329b.jpg,active
multi-spray-showerhead,,,,,,,,Showerhead + 3 cartridges,,,BV-MS-4,deny,manual,89.95,119.80,TRUE,TRUE,https://cdn.shopify.com/s/files/1/0677/5223/0974/files/6fc73cc9-f066-4d3c-917d-1c20adc3329b.jpg,2,,https://cdn.shopify.com/s/files/1/0677/5223/0974/files/a1279306-3d17-4647-83f9-97b2bc828386.jpg,
multi-spray-showerhead,,,,,,,,,,,,,,,,,,https://cdn.shopify.com/s/files/1/0677/5223/0974/files/a1279306-3d17-4647-83f9-97b2bc828386.jpg,3,,,
multi-spray-showerhead,,,,,,,,,,,,,,,,,,https://cdn.shopify.com/s/files/1/0677/5223/0974/files/5784482e-baa2-4122-94d2-941804e33341.jpg,4,,,
luxe-flow-showerhead,The Luxe Flow Showerhead,<p>A rain-style face in polished chrome with the 20-stage filter inside. The complete upgrade. Installs by hand in 5 minutes.</p>,Bluvana,Shower Filtration,"shower, filter, water",TRUE,Purchase,Showerhead only,,,BV-LX-1,deny,manual,69.95,,TRUE,TRUE,https://em3i5y-qa.myshopify.com/cdn/shop/t/3/assets/bvp-render-luxe.jpg,1,Luxe flow filtered rain showerhead,https://cdn.shopify.com/s/files/1/0677/5223/0974/files/88e2f41c-7cfb-461e-b306-bf816ee92de5.jpg,active
luxe-flow-showerhead,,,,,,,,Showerhead + 3 cartridges,,,BV-LX-4,deny,manual,95.95,129.80,TRUE,TRUE,https://cdn.shopify.com/s/files/1/0677/5223/0974/files/88e2f41c-7cfb-461e-b306-bf816ee92de5.jpg,2,,https://cdn.shopify.com/s/files/1/0677/5223/0974/files/781a7382-19f2-4766-aaf8-82058f47a577.jpg,
luxe-flow-showerhead,,,,,,,,,,,,,,,,,,https://cdn.shopify.com/s/files/1/0677/5223/0974/files/781a7382-19f2-4766-aaf8-82058f47a577.jpg,3,,,
replacement-cartridges,Replacement Cartridges,"<p>The 20-stage refill. Fits every Bluvana filter and filtered showerhead. Swap in seconds, about every 3 months.</p>",Bluvana,Shower Filtration,"shower, filter, water",TRUE,Purchase,Single cartridge,,,BV-CT-1,deny,manual,19.95,,TRUE,TRUE,https://cdn.shopify.com/s/files/1/0677/5223/0974/files/227dbe0c-aef9-4f83-bbb5-8ac9759af7ec.jpg,1,20-stage replacement cartridge,https://cdn.shopify.com/s/files/1/0677/5223/0974/files/227dbe0c-aef9-4f83-bbb5-8ac9759af7ec.jpg,active
replacement-cartridges,,,,,,,,3-pack,,,BV-CT-3,deny,manual,49.95,59.85,TRUE,TRUE,https://cdn.shopify.com/s/files/1/0677/5223/0974/files/994a4035-b730-4b87-bd2a-9520fd2408fc.jpg,2,,https://cdn.shopify.com/s/files/1/0677/5223/0974/files/994a4035-b730-4b87-bd2a-9520fd2408fc.jpg,
