Product Name,Storefront Product Name,Description,Product Link,Source,Supplier Price (USD),Shipping Cost (USD),Estimated Landed Cost (USD),Planned Retail Price (USD),Competitor Price (USD),Competitor Link,Estimated Gross Profit (USD),Estimated Gross Margin (%),Validation Status,Notes,Bundle Group
"Corner Adhesive Shower Caddy, with Soap Holder And 12 Hooks And Stainless Steel Bathroom Organizer No Drilling Wall Mounted Rack",Corner Shower Caddy,"A no-drill corner shower caddy in rustproof stainless steel, mounted with adhesive strips so it goes up without tools or damaging tile. It includes a built-in soap holder shelf plus 12 small hooks for razors, loofahs, and other shower tools, giving a small shower a real place to put things instead of balancing bottles on the tub edge. 7.4K+ units sold and 590 verified reviews at 4.8 stars make it one of the better-vetted caddies in the category. It fits Bluvana's ""Shower and bath"" line, standing in for the site's own ""Corner shower caddy"" placeholder concept, though the finish is bright stainless rather than the matte black shown in the mockup photography.",https://www.temu.com/corner--shower-caddy-with-soap-holder-and-12-hooks--stainless-steel-bathroom-organizer-no-drilling-wall-mounted-rack-random-color-shower-caddies-g-601099934466268.html,Temu,17.90,0.00,17.90,107.40,,,89.50,83.3%,Candidate - needs review,"Bright stainless finish rather than the matte black shown in the site's own caddy placeholder, but this was the best caddy option with a confirmed 50+ review count. Pairs with the bamboo stool as a two-piece shower set.",Shower Set A
"VEVOR Bamboo Shower Bench 19.1 x 11.3 x 18.3 in Shower Stool Chair for Bathroom",Bamboo Shower Bench,"A freestanding bamboo shower bench measuring 19.1 x 11.3 x 18.3 inches, sized to double as a seat, a step, and a small shelf inside a shower or small bathroom. It is made from moisture-resistant bamboo slats rather than painted wood, so it holds up to repeated water exposure better than typical furniture-grade pieces. VEVOR is an established brand on Temu with a dedicated storefront, and this listing carries 58 verified reviews at 4.9 stars with 461 units sold. The natural wood tone and slatted construction closely match the ""slatted teak stool"" already described in Bluvana's Corner Shower Set bundle, even though the wood itself is bamboo rather than teak.",https://www.temu.com/-bamboo-shower-bench-19-1-x-11-3-x-18-3-in-shower-stool-chair-for-bathroom-g-603150828320285.html,Temu,37.97,0.00,37.97,227.82,,,189.85,83.3%,Candidate - needs review,"Bamboo, not teak as the site placeholder text says -- flag for a copy update or a teak-specific search later. VEVOR is a recognized housewares brand on Temu, which adds some supplier confidence. Pairs with the caddy as a two-piece shower set.",Shower Set A
"TOMNK 2/4/6pcs Set Floating Shelves, 15.7-inch/19.7-inch/22-inch Wooden Wall-Mounted Shelves, Suitable for Home Decor in Living Rooms and Kitchens, Strong Load-Bearing Capacity, Can Be Installed in Bathrooms, Bedrooms, Living Rooms, or Kitchens",Wood Floating Shelf,"A set of wall-mounted wood floating shelves available in 2, 4, or 6-piece configurations and three lengths (15.7"", 19.7"", 22""), with load-bearing brackets rated for everyday bathroom storage. The clean rectangular profile and natural wood finish read as understated rather than rustic-farmhouse, which fits Bluvana's minimalist styling better than most competing ""distressed"" shelf listings. TOMNK is a recognized Temu home-decor brand, and this specific listing is heavily vetted: 56K+ units sold, 3,802 verified reviews, a 4.7-star average, and a ""#3 Best-Selling Brand Item"" badge. It is a strong match for the site's ""The wall is the second floor"" storage concept and the oak shelf already shown in the brand's journal photography.",https://www.temu.com/-2-4-6pcs-set-floating-shelves-15-7-inch-19-7-inch-22-inch-wooden-wall-mounted-shelves-suitable-for-home-decor-in-living-rooms-and-kitchens-strong-load-bearing-capacity---in-bathrooms-bedrooms-living-rooms-or-kitchens-g-601100231985107.html,Temu,13.23,0.00,13.23,79.38,,,66.15,83.3%,Candidate - needs review,"Clean, minimalist wood profile rather than the rustic/farmhouse styling most competing shelf listings use. Heavily vetted (56K+ sold). Pairs with the towel as a wall storage and towel set, standing in for the site's original hooks-based Towel Refresh bundle since no brass hooks passed the review filter.",Wall & Towel Set
"20/24/28/30 Inch Round Bathroom Mirror, Wall Mounted Circle Vanity Mirror for Bathroom, Bedroom, Living Room, Entryway, Anti-Rust, Modern Decorative, Hanging or Leaning",Round Bathroom Mirror,"A round wall mirror available in four sizes from 20 to 30 inches, with an anti-rust frame and hardware for either hanging or leaning against a wall. The circular shape is a direct match for the ""round mirror"" already referenced in Bluvana's own journal photography (the pedestal-sink bathroom guide image), so it slots in as the brand's signature mirror without needing new lifestyle photography. It is the single best-vetted candidate sourced in this pass: 17K+ units sold, 1,954 verified reviews, a 4.8-star average, and a ""#1 Top Rated in Bathroom Furniture"" badge from brand JHK. Ships in 1+ business day from a local warehouse.",https://www.temu.com/20-24-28-30-inch-round-bathroom-mirror-wall-mounted-circle-vanity-mirror-for-bathroom-bedroom-living-room-entryway-anti-rust-modern-decorative-hanging-or--g-605780304580435.html,Temu,14.10,0.00,14.10,84.60,,,70.50,83.3%,Candidate - needs review,"Round shape matches the mirror already referenced in the brand's own journal photography, so no new lifestyle imagery is needed. Best-vetted candidate sourced this round by a wide margin (1,954 reviews vs. the next-best option's few hundred).",
"4 Pack Oversized Bath Towels Set, 35""x70"" Extra Large Towel Microfiber Absorbent XL Bath Sheet Super Soft Bathroom Towels Set Quick Plus Size Shower Towels for Family Hotel",Oversized Bath Towel Set,"A 4-pack of oversized 35 by 70 inch microfiber bath sheets from brand COVINA, positioned as an XL, quick-dry, family/hotel-grade towel set rather than a decorative accent piece. It is the single most-reviewed candidate sourced in this pass: 150K+ units sold, 18,600 verified reviews, and a 4.7-star average, with a ""#1 Best-Selling Item in Towels & Shower Curtains"" badge. The material is plush microfiber rather than the waffle-weave cotton shown throughout Bluvana's own towel photography and journal content, since no waffle-specific listing in this category cleared the 50-review bar.",https://www.temu.com/4-pack-oversized-bath-towels-set-35-x70-extra-large-towel-microfiber-absorbent-xl-bath-sheet-super-soft-bathroom-towels-set--size-shower-towels-for--g-601099620646214.html,Temu,29.59,0.00,29.59,177.54,,,147.95,83.3%,Candidate - needs review,"Microfiber bath sheet, not the waffle-weave towels shown in the brand's imagery -- no waffle-specific listing cleared the 50-review bar in this pass; worth a follow-up search specifically for a reviewed waffle towel. Pairs with the floating shelf as a wall storage and towel set.",Wall & Towel Set
"Checkered Ceramic Soap Dispenser with Rust Proof Gold Matte Pump Decorative Soap Dispenser for Bathroom or Kitchen",Ceramic Soap Dispenser,"A ceramic soap or lotion dispenser with a rustproof gold matte pump, sized as a countertop accessory rather than a statement piece. The checkered surface pattern is more decorative than the plain matte black/white finish shown in Bluvana's own Counter Reset bundle mockup, so it is a reasonable stand-in rather than an exact match. It carries 188 verified reviews at 4.9 stars with 7.2K+ units sold, clearing the review bar comfortably, though its low unit cost keeps it well under the $50 main-product price floor.",https://www.temu.com/checkered-ceramic-soap-dispenser-with-rust-proof-gold-matte-pump-decorative-soap-dispenser-for-bathroom-or-kitchen-g-601099606572093.html,Temu,7.41,0.00,7.41,44.46,,,37.05,83.3%,Candidate - needs review,"AOV add-on, not a main product -- landed cost is well under the $50 floor. Checkered pattern is busier than the plain matte black/white shown in the site's Counter Reset mockup.",
"Bathroom Vanity Tray for Counter, Rectangle Dish Soap and Sponge Holder for Kitchen Sink, Perfume Organizer for Dresser (Modern Marble-Pattern Silicone)",Marble-Look Vanity Tray,"A rectangular silicone tray molded with a black marble pattern, designed to sit on a bathroom or kitchen counter and corral soap, sponges, or small toiletries. Unlike genuine stone, it is soft-touch and shatterproof, with rounded edges that won't chip a sink or scratch a vanity top. It carries 489 verified reviews, making it one of the better-vetted counter organizers in this niche despite its low unit cost. Positioned as a budget stand-in for a genuine travertine tray, since no natural-stone listing in this category cleared the 50-review threshold this round.",https://www.temu.com/modern-marble-design-silicone-bathroom-kitchen-organizer-tray-black-marble-pattern-with-rounded-edges-durable-non---grey-countertop-storage-dish-for-vanity-sink-dresser-multi-purpose-organizer-for-soap-watches-keys-g-601099519223289.html,Temu,3.16,0.00,3.16,18.96,,,15.80,83.3%,Candidate - needs review,"AOV add-on, not a main product. Silicone faux-marble, not genuine stone -- resolves the previously-dropped travertine tray with a budget substitute since no genuine-stone tray has cleared 50 reviews across two rounds. Shipping estimate not shown on this listing.",Vanity Organizer Set
"6pcs Thick-Bottom Glass Highball Cups - Lead-Free & Reusable Glassware Suitable for Juice, Milk - Heavy Base for Stability, Modern Minimalist Drinkware for Home, Parties, Breakfast (Glass)",Minimalist Glass Tumbler Set,"A set of six thick-bottomed, lead-free glass tumblers with a heavy base for stability, explicitly marketed as modern minimalist drinkware rather than a novelty cup set -- no straws, lids, or printed graphics. The weighted base and clear glass read as a vanity or bathroom cup as easily as a kitchen glass, which is the intended repurposing here. It is the best-reviewed tumbler candidate sourced this round, with 668 verified reviews and a 4.9-star average, and ships in 2+ business days. Six per set means a single order covers several bathrooms' worth of stock, worth noting when setting the per-unit retail price.",https://www.temu.com/6pcs-thick--glass-highball-cups-lead-free-reusable-glassware-suitable-for-juice-milk--for-stability-modern-minimalist-drinkware-for-home-parties-breakfast-glass-g-601100476124804.html,Temu,13.15,0.00,13.15,78.90,,,65.75,83.3%,Candidate - needs review,"Resolves the previously-dropped glass vanity tumbler -- confirmed 50+ reviews and clean minimalist styling, unlike the straw/lid-heavy novelty cups that dominate this search category.",
"1pc Elegant Marble Design Ceramic Soap Dish with Self-Draining System, Leaf-Shaped Modern Bathroom Soap Holder, Black/White Pattern, with Suction Cups",Marble-Look Soap Dish,"A leaf-shaped ceramic soap dish finished with a glossy black-and-white marble pattern, built with a self-draining base so bar soap doesn't sit in standing water. It suits a shower shelf or vanity counter equally well and comes with suction cups for tool-free mounting. This listing carries 705 verified reviews, a strong signal for a category where most competing soap dishes show no review count at all. It replaces the brass soap dish concept with a marble-look ceramic alternative, since neither round of brass-specific searches turned up an option clearing the 50-review bar.",https://www.temu.com/1pc-elegant-marble-design-ceramic-soap-dish-with-self-draining-system-leaf-shaped-modern-bathroom-soap-holder-black-white--pattern-durable-easy-clean-oval-soap-dispenser-for-shower-or-bathtub--soap-hygienic-stylish-bathroom-accessory-with-glossy--marble-exterior--leaf-shaped-soap-bars-sleek-and-functional-design-for-any-bathroom-decor-soap-shower-holder-small-white-shower-soap-tray-with-suction-cups-g-601099531214301.html,Temu,7.33,0.00,7.33,43.98,,,36.65,83.3%,Candidate - needs review,"AOV add-on, not a main product. Resolves the previously-dropped brass soap dish -- ceramic marble-look rather than brass, since brass-specific searches never cleared 50 reviews across two rounds.",Vanity Organizer Set
"Divided Toothbrush Holder, Durable Freestanding Bathroom Storage Box for Electric Toothbrushes, Toothpaste, Shavers, Suitable for Cosmetics and Office Supplies Storage",Divided Toothbrush Holder,"A freestanding, compartmentalized storage box sized for electric toothbrushes, toothpaste, razors, and small grooming tools, keeping a vanity counter from turning into loose clutter. The divided interior means two or three people's toothbrushes can share one holder without touching. It carries 430 verified reviews, a solid confirmation for a small accessory in a category where many similar listings show no review count. Priced and sized as a countertop add-on rather than a hero product.",https://www.temu.com/divided-toothbrush-holder-durable-freestanding-bathroom-storage-box-for-electric-toothbrushes-toothpaste-shavers-suitable-for-cosmetics-office-supplies-stationery-storage-g-601104509914813.html,Temu,4.87,0.00,4.87,29.22,,,24.35,83.3%,Candidate - needs review,"AOV add-on, not a main product.",Vanity Organizer Set
"Smart Body Fat Scale with Large LED Display, Wireless App Sync Digital Bathroom Scale, BMI & 14 Body Composition Metrics, Muscle Mass & Fitness Tracking Scale for Home Workout and Daily Use",Smart Body Fat Scale,"A wireless smart scale with a large LED display that syncs to a companion app and reports 14 body-composition metrics -- weight, BMI, muscle mass, body fat, and more -- rather than just a single number. The tempered-glass platform and app connectivity position it above a basic bathroom scale, closer to a home fitness tool that happens to live in the bathroom. It carries 476 verified reviews and ships in 2+ business days. As a connected device it needs its companion app named and vetted before launch copy is written.",https://www.temu.com/smart-body-fat-scale-with-large-led-display-wireless--digital-bathroom-scale-bmi-14-body-composition----analyzer-fitness-tracking-scale-for-home-workout-and-daily-use-g-601100323283893.html,Temu,24.55,0.00,24.55,147.30,,,122.75,83.3%,Candidate - needs review,"App-connected device -- confirm and vet the companion app name/privacy policy before publishing this listing, since that's an external dependency the CSV can't capture.",
"Rechargeable Wall Mounted Lighted Makeup Mirror, Chrome, 8 Inch Double-Sided LED Vanity Mirror, 1X/10X Magnification, 3 Color Lights, Dimmable, 360 Swivel",LED Magnifying Wall Mirror,"A rechargeable, wall-mounted 8-inch mirror with a double-sided head -- one side standard, one side 10x magnifying -- on a 360-degree swivel arm, with three dimmable LED light temperatures built into the rim. It is meant to mount beside or below the primary bathroom mirror for close-up grooming tasks like tweezing or makeup application. It carries 104 verified reviews and ships in 2+ business days. Chrome finish pairs cleanly with the brand's existing round bathroom mirror, so the two read as a small mirror set for the vanity wall even though they aren't formally bundled below.",https://www.temu.com/rechargeable-wall-mounted-lighted-makeup-mirror-chrome-8-inch-double-sided-led-vanity-mirror-1x-10x-magnification-3-color-lights-exquisite-makeup-mirrors--dimmable-360-swivel-for-mother-s-day-gifts--g-601099604738458.html,Temu,23.59,0.00,23.59,141.54,,,117.95,83.3%,Candidate - needs review,"Pairs naturally with the existing Round Bathroom Mirror row as a two-mirror vanity wall, though that row wasn't modified to reflect this (per instructions not to touch the existing 6 rows).",
"2 Pack Qtip Holder Storage Canister for Ball, Swab, Round Pads, Floss -- 10-Ounce Clear Plastic Apothecary Jar with Lid, Bathroom Canister Storage Organizer",Apothecary Jar Set,"A pair of clear plastic apothecary-style jars with removable lids, sized to hold cotton swabs, rounds, or floss on a countertop or inside a medicine cabinet. The shatterproof plastic is a practical tradeoff for a bathroom setting over glass, and the clean cylindrical shape photographs well despite the humble material. This is the most-reviewed item sourced in the entire batch at 3,824 verified reviews, a strong reliability signal for the supplier. A genuinely small add-on, meant to round out a vanity order rather than anchor one.",https://www.temu.com/2-pack-clear-plastic-apothecary-jars-with-removable-lid-shatterproof-q-tip-holder-suitable-for-balls-swabs-rounds-floss-bathroom-medicine-cabinet-organizer-durable-storage-canister-canisters-g-601099515809342.html,Temu,3.74,0.00,3.74,22.44,,,18.70,83.3%,Candidate - needs review,"AOV add-on, not a main product. Plastic rather than glass, but the most-reviewed item in the entire batch (3,824 reviews).",Vanity Organizer Set
"Bathroom Organization And Storage Supplies, Creative Unique Ceramic Mirror Black And White Soap Dispenser, Hotel Washstand Liquid Dispensing Bottle, Pump Type, Reusable Shampoo/Shower Gel/Lotion Bottle",Ceramic Lotion Dispenser,"A square-tower ceramic pump bottle in a black-and-white finish, refillable for shampoo, shower gel, or lotion, styled closer to a hotel washstand amenity than a plastic drugstore bottle. It gives the vanity counter a second dispenser option beyond the existing checkered soap dispenser, useful for pairing hand soap with a matching lotion bottle. It carries 186 verified reviews. Priced to land just over the $50 main-product floor once the standard 6x markup is applied.",https://www.temu.com/bathroom-organization-and-storage-supplies-creative-unique-ceramic-mirror-black-and--dispenser-hotel-washstand-liquid-dispensing-bottle-pump-type-empty-bottle-reusable-shampoo-shower-gel-square-tower-lotion-bottle-g-601101211484172.html,Temu,9.25,0.00,9.25,55.50,,,46.25,83.3%,Candidate - needs review,"Pairs with the existing Ceramic Soap Dispenser row as a matched hand-soap-and-lotion pair, though that row wasn't modified to reflect this.",
"Wetheny Hair Tool Organizer -- Holder for Hair Dryer with 5 Adjustable Heights, Mounted on Bathroom Cabinet Door/Wall, for Hair Dryer, Curling Iron, Hair Straightener and Brush (Black)",Hair Tool Organizer,"A wall- or cabinet-door-mounted black metal organizer with five adjustable height settings, built to hold a hair dryer, curling iron, straightener, and brush together instead of loose in a drawer. It solves a real small-bathroom problem -- hot tools with cords are awkward to store -- without requiring a full cabinet. Brand Wetheny, with 738 verified reviews and 2+ business day shipping, is one of the more reliably vetted vanity accessories sourced this round. Mounts inside a cabinet door as easily as an open wall, which keeps it out of sight when not staged for photos.",https://www.temu.com/-hair-tool-organizer-holder-for-hair-dryer-with-5-adjustable--mounted-on-bathroom-cabinet-door-wall-for-hair-dryer-curling-iron-hair-straightener-and-brush-black-g-601100809322455.html,Temu,10.53,0.00,10.53,63.18,,,52.65,83.3%,Candidate - needs review,,
"1pc Elegant Ceramic Flower Plate with Smooth Edges, Suitable for Jewelry, Cosmetics, Keys & Trinkets -- Decorative Dish for Home, Bathroom, Dresser",Ceramic Trinket Dish,"A small ceramic dish with a smooth flower-edged rim, sized for rings, earrings, or keys at the edge of a bathroom counter rather than for soap or larger toiletries. It's a pure decorative-organizer accessory, the kind of item that pads out an order rather than anchors it. It carries 213 verified reviews. Cheap enough that it only makes sense bundled with a higher-ticket vanity item rather than sold alone.",https://www.temu.com/1pc-ceramic-jewelry-dish-plate-with--multi-use-decorative-organizer-for-jewelry-cosmetics-keys--pink-white--bathroom-kitchen-bedroom-home-decor-bathroom-accessory-stylish-storage-elegant--small-item-tray-gift---g-601099812937592.html,Temu,3.10,0.00,3.10,18.60,,,15.50,83.3%,Candidate - needs review,"AOV add-on, not a main product.",Vanity Organizer Set
"1pc Linen Button Shower Curtain With 12 Hooks For Bathrooms, Quick Drying, Machine Washable, Home Bathroom Decor Shower Curtain Set",Linen Shower Curtain,"A linen-textured shower curtain with a button-top header and 12 matching hooks included, machine washable and quick drying despite the natural-fiber look. The linen weave and neutral tone match Bluvana's fabric palette far better than the printed or bohemian-tassel curtains that dominate this search category. It carries 153 verified reviews and ships in 1+ business day. Including the hooks in the same purchase simplifies the listing into a single complete-curtain SKU rather than two separate line items.",https://www.temu.com/1pc-linen-button-summer--with-12-hooks-shower-curtain-for-bathrooms-quick-drying-machine-washable-home-bathroom-decor-shower-curtain-sets-for-bathroom-g-601101878551918.html,Temu,15.86,0.00,15.86,95.16,,,79.30,83.3%,Candidate - needs review,,
"Gray Foldable Stone Diatomaceous Earth Bath Mat Set, Super Absorbent Quick Dry Shower Mat, Easy to Clean and Store, with Sanding Tool and Anti-Slip Pads",Diatomite Stone Bath Mat,"A foldable diatomaceous-earth stone mat in gray, which absorbs standing water on contact and dries the mat itself within minutes rather than staying damp like a textile bath mat. It comes with a small sanding tool to refresh the surface once it stops absorbing as well, plus anti-slip pads on the underside. The neutral gray tone reads closer to Bluvana's ink-and-stone palette than the printed or pastel bath mats that dominate the category, and it carries 96 verified reviews with a Top Pick badge. Best paired with the acacia or bamboo shower stool as a matched shower-floor set.",https://www.temu.com/gray-foldable-stone-diatomaceous-earth-bath-mat-set-super-absorbent-quick--mat-easy-to-clean-and-store-multi-purpose-for-bathroom-and-kitchen--with-sanding-tool-and-anti-slip-additions-g-601104703530255.html,Temu,18.37,0.00,18.37,110.22,,,91.85,83.3%,Candidate - needs review,,Bath Ritual Set
"1pc 10-Inch Stainless Steel Shower Squeegee with Mounting Hook -- Ergonomic Handle, Durable & Versatile for Glass Doors, Mirrors, Tiles, All-Purpose Cleaning Tool",Stainless Shower Squeegee,"A 10-inch stainless steel squeegee with an ergonomic handle and a mounting hook, meant to wipe down a glass shower door after each use so water spots and soap scum don't build up. The metal build and simple silhouette read as considerably more premium than the usual plastic squeegee, closer to a bathroom tool than a cleaning-aisle item. It carries 235 verified reviews. A natural low-cost add-on alongside any shower-glass or shower-head purchase.",https://www.temu.com/1pc-10-inch-stainless-steel-shower-squeegee-with-mounting-hook-ergonomic-handle-durable-versatile-for-glass-doors-mirrors-tiles-all-purpose-cleaning-tool-for-bathroom-kitchen-garage-sleek-metallic--functional-design-g-601099582364142.html,Temu,6.82,0.00,6.82,40.92,,,34.10,83.3%,Candidate - needs review,"AOV add-on, not a main product. Shipping estimate not shown on this listing and not tagged Local Warehouse -- worth a quick manual check before ordering.",
"Retractable Bamboo Bathtub Caddy with Multi-Slot Tray & Device Holder -- Adjustable, Minimalist Bath Shelf for Toiletries, Snacks, Phone, Tablet, Book, Space-Saving Design",Bamboo Bathtub Caddy,"An adjustable, retractable bamboo tray that spans a standard bathtub, with slots for a book, phone or tablet, and a soap or drink holder, explicitly marketed as a minimalist design. It extends and locks to different tub widths rather than being cut to one fixed size, which matters for a product line built around unusually small bathrooms. It carries 142 verified reviews and ships in 2+ business days. The bamboo tone and plain slatted construction match the brand's existing acacia and bamboo shower stool closely enough to photograph as a set.",https://www.temu.com/retractable-bamboo-bathtub-caddy-with-multi-slot-tray-device-holder-adjustable-bath-shelf-suitable-for-toiletries-snacks-phone-tablet-book-minimalist-floating-bathtub-for-relaxing--space-saving-design-g-601103669825293.html,Temu,19.04,0.00,19.04,114.24,,,95.20,83.3%,Candidate - needs review,,Bath Ritual Set
"1pc Large 12/16 Inch Square Rain Shower Head -- High Pressure Stainless Steel Ultra-Thin Modern Design, Waterfall Full Body Coverage, Anti-Leak Self-Cleaning Nozzles, Matte/Brushed, Ceiling/Wall Mount",Square Rain Shower Head,"A square, ultra-thin stainless-steel rain shower head available in 12 or 16 inch widths, with self-cleaning nozzles and a matte or brushed finish rather than polished chrome. The square silhouette and matte finish match the brand's ink-black hardware direction far better than the round chrome shower heads that dominate this category. It carries 133 verified reviews and ships in 2+ business days. A straightforward retrofit for anyone replacing a builder-grade shower head, positioned as a genuine main product rather than an accessory.",https://www.temu.com/1pc-large-12-16-inch-square-rain-shower-head-high-pressure-stainless-steel-ultra-thin--with-waterfall-full-body-coverage-anti-leak-self-cleaning-nozzles--ceiling-wall-mount-for-bathroom-matte--brushed-ideal-for-spa-like-bathing-experience-g-601101225182248.html,Temu,20.28,0.00,20.28,121.68,,,101.40,83.3%,Candidate - needs review,,
"Soft Bristle Wooden Exfoliator Bath Scrubber -- Beech Wood Body Brush for Dry or Wet Exfoliation, Polyester Bristles, Natural Wooden Skin Care Tool",Wooden Body Brush,"A beech-wood-handled body brush with polyester bristles for dry or wet skin exfoliation, styled as a natural wellness tool rather than a plastic drugstore scrubber. Wood grain matches the brand's existing acacia stool and bamboo caddy, making it an easy visual fit for shower-set photography. It carries 67 verified reviews. A small, low-cost add-on best sold alongside the shower stool or bathtub caddy rather than standalone.",https://www.temu.com/soft-bristle-wooden-exfoliator-bath-scrubber--wood-body-brush-for-dry-or-wet-exfoliation-polyester-bristles-ideal-for-skin-care-routine-skin-care-tool-natural-wooden-brush-smooth-brushing-texture-body-brushes-g-601099534532705.html,Temu,4.56,0.00,4.56,27.36,,,22.80,83.3%,Candidate - needs review,"AOV add-on, not a main product. Shipping estimate not shown on this listing.",Bath Ritual Set
"Set of 5 Multifunctional Silicone Drain Filters with Suction Cup, Traps Hair and Prevents Clogging, for Bathtubs, Bathrooms, and Kitchen Sinks",Drain Hair Catcher Set,"A set of five silicone drain covers with a built-in suction cup, designed to trap hair before it clogs a shower, tub, or sink drain. Purely functional -- there's no styling angle here beyond keeping the drain visible and unclogged. It carries 428 verified reviews and ships in 2+ business days. The lowest-cost item sourced this round; useful only as a checkout add-on.",https://www.temu.com/set-of-5-multifunctional-silicone-filters-featuring-a-suction-cup-designed-to-trap-hair-and-prevent--from-clogging-the-sink-ideal-for-bathtubs-bathrooms-and-kitchen-sinks-g-601099668696087.html,Temu,1.94,0.00,1.94,11.64,,,9.70,83.3%,Candidate - needs review,"AOV add-on, not a main product -- genuinely a minor accessory under any pricing scenario.",
"Waffle Bath Mat Rug -- Super Absorbent Non-Slip Bath Mat, Ultra Soft, Machine Washable Bathroom Rug with Tassels, for Bathroom Floor or Tub",Waffle Textile Bath Mat,"A soft, machine-washable waffle-weave bath mat with tassel trim, sized for the floor beside a tub or shower. It's the textile counterpart to the diatomite stone mat already sourced -- softer underfoot, machine washable rather than quick-dry-on-its-own, and a direct match for the waffle-texture language already used throughout the brand's product photography. It carries 93 verified reviews and ships in 2+ business days. A reasonable low-cost pairing for anyone who wants a cushioned mat rather than the firmer stone option.",https://www.temu.com/waffle-bath-mat-rug-super-absorbent-non-slip-bath-mats-for-bathroom-mat-ultra-soft-bathmat-machine-washable-bathroom-rugs-with-tassels-bath-rugs-for-bathroom-floor--tub-17-x-24-g-601100783730662.html,Temu,6.00,0.00,6.00,36.00,,,30.00,83.3%,Candidate - needs review,"AOV add-on, not a main product. Soft textile companion to the stone Diatomite Bath Mat already sourced -- gives the store both a hard-surface and soft-textile bath mat option.",
"24pcs Decorative Shower Curtain Hooks/Rings, Rustproof, for Shower Curtains and Bathroom Shower Rods (Golden)",Brass-Tone Curtain Rings,"A set of 24 rustproof decorative curtain rings in a golden finish, sized for a standard shower curtain rod. It exists mainly as an upsell for a customer who wants a warmer metal tone than the plain hooks bundled with the linen shower curtain. It carries 67 verified reviews and ships in 2+ business days. Cheap enough that it only makes sense as an add-on, not a standalone listing.",https://www.temu.com/24pcs-decorative-shower-curtain-hooks-shower-curtain-rings--shower-hooks-for-shower-curtains-bathroom-shower-rods-golden-g-601101106317032.html,Temu,4.61,0.00,4.61,27.66,,,23.05,83.3%,Candidate - needs review,"AOV add-on, not a main product. Sell as an upgrade pair with the Linen Shower Curtain, which already ships with plain hooks, for a customer who wants a brass look instead.",
"2pcs Stainless Steel 304 Hooks with Powerful Suction Cup, Vacuum Technology, Wall-Mounted Towel Hooks, 6.8kg Load Capacity, for Bathrooms/Kitchens, Glass/Mirror/Tile Mount",Suction Wall Hooks,"A pair of stainless steel hooks mounted with a vacuum-suction cup rather than screws or adhesive, rated to hold 6.8kg and marketed for glass, mirror, or tile surfaces. No-drill mounting suits a renter-friendly small-bathroom brand even if the finish is brushed steel rather than the brass shown in the site's own hook mockups. It carries 86 verified reviews. Stands in for the brass wall hook concept, since neither this round nor the prior one turned up a brass-specific listing with a confirmed review count.",https://www.temu.com/2pcs-stainless-steel-304-hooks-with-powerful-suction-cup-vacuum-technology-for-wall-mounted-towel-hooks-6-8kg-load-capacity-waterproof-rust-resistant-ideal-for-bathrooms-kitchens-on-glass-mirrors-tiles-g-601103944965826.html,Temu,3.36,0.00,3.36,20.16,,,16.80,83.3%,Candidate - needs review,"AOV add-on, not a main product. Steel suction hooks, not brass -- resolves the previously-dropped brass wall hooks with a different mounting style since brass-specific searches across two rounds turned up either zero reviews or steel-only options.",
"Extra Wide 6.4ft Wood-Color Blanket Ladder & Quilt Display Holder -- Leaning Ladder Shelf for Blankets and Towels, Freestanding, 38 Inches Wide, Suitable for Bathroom or Living Room",Leaning Ladder Shelf,"A 6.4-foot-wide, wood-toned leaning ladder shelf explicitly rated for bathrooms as well as living rooms, built to display folded towels or blankets across its rungs rather than sit flush against the wall. It is the closest match sourced to the ""oak ladder shelf"" already pictured in Bluvana's own journal content, even though the listing's own marketing copy leans more rustic-farmhouse than the brand's minimalist direction. It carries 54 verified reviews and ships in 2+ business days. At $47.37 landed, the standard 6x formula prices it well above $250 retail, worth a manual sanity check against comparable ladder shelves before publishing a live price.",https://www.temu.com/extra-wide-6-4ft--blanket-ladder-quilt-display-holder-rustic-farmhouse--bookshelf-suitable-for-blankets-towels-assembly-standing-for-bathroom-or-living-room-38-inch-wide-g-601099991817880.html,Temu,47.37,0.00,47.37,284.22,,,236.85,83.3%,Candidate - needs review,"High price point given landed cost x6 on a large furniture item -- worth a sanity check on the multiplier before setting a live price. Rustic-farmhouse marketing language is more countrified than the brand's minimalist look, but the leaning-ladder silhouette itself directly matches the oak ladder shelf already shown in the brand's own journal photography.",
"1pc 2-Tier Bathroom Towel Rack With Shelf -- Wall-Mounted Towel and Essentials Storage Rack, Modern Elegant Metal and Wood Design",Metal & Wood Towel Rack,"A wall-mounted, two-tier towel rack combining a black metal frame with a wood shelf insert, described in its own listing as a modern elegant design rather than the rustic-farmhouse language common in this category. The wood-and-metal combination matches the brand's existing floating shelf and other black-hardware pieces closely. It carries 583 verified reviews and ships in 2+ business days -- one of the more heavily validated storage items sourced this round. A practical, photogenic main product for the walls-and-storage line.",https://www.temu.com/1-tier-bathroom-towel-rack-with-shelf-wall-mounted-towel-and-essentials-storage-rack-modern-bathroom-elegant-metal-and-wood-design-wall-mounted-towel-storage-rack-bedroom-organizer-bathroom-towel-rack-bathroom-towel-storage-g-601104411052442.html,Temu,10.50,0.00,10.50,63.00,,,52.50,83.3%,Candidate - needs review,,
"Small/Large Elegant Walnut Wood and Black Metal Toilet Paper Holder with Smartphone Shelf -- Self-Adhesive, Wall-Mounted Bathroom Tissue Dispenser",Walnut Toilet Paper Holder,"A self-adhesive, wall-mounted toilet paper holder combining walnut wood with black metal, with a small ledge built in for a phone. It's a small detail item, but one that shows up in almost every bathroom photo, and the walnut-and-black combination matches the brand's hardware palette directly. It carries 69 verified reviews and ships from a local warehouse. Priced just above the $50 main-product floor once the standard markup is applied.",https://www.temu.com/small-large-elegant-walnut-wood-and-black-metal-toilet-paper-holder-with-smartphone-shelf-self--wall-mounted-bathroom-tissue-dispenser-for-stylish-storage-bathroom-organizers-and-storage-g-601100568796687.html,Temu,9.43,0.00,9.43,56.58,,,47.15,83.3%,Candidate - needs review,,
"Hanging & Wall-Mounted Foldable Storage Basket -- Waterproof Rust-Resistant Organizer for Kitchen, Laundry, Pantry, Desk & Under-Cabinet Shelves, Collapsible Metal, Black",Foldable Wire Basket,"A black, rust-resistant metal wire basket that folds flat when empty and hangs from a shelf edge or wall bracket when in use, marketed for kitchen and pantry use but equally suited to bathroom storage of rolled towels or toiletries. The matte black wire finish matches the brand's other black-hardware pieces. It carries 54 verified reviews and ships in 2+ business days. A functional, photogenic main product for under-shelf storage.",https://www.temu.com/hanging-wall-mounted-foldable-storage-basket-waterproof-rust-resistant-organizer-for-kitchen-laundry-pantry-desk-under-cabinet-shelves-collapsible-metal-black-g-601102758112517.html,Temu,12.70,0.00,12.70,76.20,,,63.50,83.3%,Candidate - needs review,,
"Modern Wall-Mounted Medicine Cabinet with Mirrored Doors & Adjustable Shelf -- Engineered Wood Bathroom Storage Organizer, Compact Space-Saving, Open Compartment and Multi-Level Shelves",Mirrored Medicine Cabinet,"A wall-mounted medicine cabinet with mirrored doors and an adjustable interior shelf, explicitly described as compact and space-saving rather than a full vanity-width cabinet. It doubles as a second mirror in the room, which matters in a small bathroom where wall space for both storage and reflection is scarce. It carries 83 verified reviews and ships in 2+ business days. One of the larger-ticket storage items sourced this round, positioned as a genuine main product rather than an accessory.",https://www.temu.com/modern-wall-mounted-medicine-cabinet-with-mirrored-doors-adjustable-shelf--wood-bathroom-storage-organizer-suitable-for-home-compact-space-saving-with-open-compartment-and-multi-level-shelves-installation-g-606452936738686.html,Temu,28.44,0.00,28.44,170.64,,,142.20,83.3%,Candidate - needs review,,
"5-Tier Corner Floating Shelf, Wall Mount -- Space-Saving Storage Rack for Bedroom/Living Room, Radial Display Organizer, Easy Install",5-Tier Corner Shelf,"A five-tier corner shelf unit that stacks vertically into a room corner rather than spanning a flat wall, which suits a small bathroom where corner space often goes unused. Each tier is small, meant for a single bottle or folded washcloth rather than a full stack of towels. It carries 430 verified reviews and ships in 2+ business days. A useful complement to the brand's existing flat floating shelf for bathrooms with limited wall run.",https://www.temu.com/5-tier-corner-floating-shelf-wall-mount-space-saving-storage-rack-for-bedroom-living-room-radial-display-organizer---125cm-wall-shelves-for-display-shelf-for-living-room-wall-shelves-g-601102174863008.html,Temu,14.14,0.00,14.14,84.84,,,70.70,83.3%,Candidate - needs review,,
"Multifunctional Metal Easy-Install Over-the-Door Storage Rack, for Bedroom, Bathroom & Kitchen Organization",Over-Door Storage Rack,"A metal over-the-door storage rack that hangs on a standard bathroom door without drilling, adding hooks and small shelves in a space that's normally wasted. It's a genuinely practical small-bathroom solution even though the listing's own marketing copy leans on unrelated holiday-gift language. It carries an exceptional 5,949 verified reviews, among the highest of any item sourced in this batch. Cheap enough to function as a checkout add-on rather than a hero product.",https://www.temu.com/multifunctional-metal--over-the-door-storage-rack-for-bedroom-bathroom-kitchen-organization-a-perfect-gift-for-christmas-and-halloween-g-601099946417878.html,Temu,5.94,0.00,5.94,35.64,,,29.70,83.3%,Candidate - needs review,"AOV add-on, not a main product.",
"1pc Marble-Grain Wood-Grain Garbage Bin with Built-In Handle, Plastic Waste Bin, Rust-Proof, Space-Saving, for Bathrooms, Laundry Rooms and Home Offices",Marble-Grain Waste Bin,"A small plastic waste bin finished with a marble-and-wood-grain pattern and a built-in carry handle, sized for a bathroom or laundry room rather than a kitchen. It is a genuinely necessary bathroom item that most competing brands treat as an afterthought, so a version that actually matches the room's finishes is a real differentiator. It carries 204 verified reviews and ships from a local warehouse. A direct fit for a ""waste and storage"" shelf of the catalog, however that category ends up named.",https://www.temu.com/1pc-marble--grain-garbage-bin-with-built-in-handle-plastic-waste-bin-easy-to-clean-rust-proof--saving-suitable-for-bathrooms-laundry-rooms-and-home-offices-g-601103006010721.html,Temu,10.78,0.00,10.78,64.68,,,53.90,83.3%,Candidate - needs review,"A ""waste and storage"" category anchor item -- the clearest fit sourced this round if that is the store's actual nav label rather than ""walls and storage.""",
"A Towel Warmer Suitable for Bathrooms -- Foldable Towel Bucket, Blanket Warmer, 35-Liter Capacity, Fast Heating, Timer Function",Towel Warmer Bucket,"An electric, foldable towel-warming bucket with a 35-liter capacity, a built-in timer, and fast-heating elements, designed to warm a full-size towel or robe before use rather than just take the chill off. It's a genuine small-appliance category, not a decorative accessory, and it retails in a comparable range on other home sites. It carries 137 verified reviews and ships in 1+ business day. The highest-priced item sourced this round; worth a second look at market comparables before publishing a live price, since the standard 6x formula puts it just under $300.",https://www.temu.com/a-towel-warmer-suitable-for-bathrooms-a-foldable-towel-bucket-blanket-warmer-with-a-large-35-liter-capacity-for-fast-features-and-drying--a-timer-function-and--with-6-tablets--gift-and-a-must-have-for-staying-warm-g-601102105392363.html,Temu,49.88,0.00,49.88,299.28,,,249.40,83.3%,Candidate - needs review,"Highest-priced item sourced this round. Plausible for an electric towel warmer (a real appliance category priced this way elsewhere), but a meaningfully different price tier from the rest of the catalog -- worth a second look before publishing.",
"Minimalist and Durable Towel Rack, Freestanding Metal Bathtub Rack, 3-Tier Bathroom Storage Rack, 47.2 Inch High, Black",Freestanding Towel Rack,"A freestanding, three-tier black metal towel rack, 47.2 inches tall, explicitly described by the listing itself as minimalist -- a rare instance of a competing listing using the brand's own design language. It needs no wall mounting at all, useful for a renter or for a bathroom layout where wall space is already spoken for. It carries 282 verified reviews and ships in 2+ business days. A strong wall-free alternative to the brand's existing wall-mounted towel rack.",https://www.temu.com/minimalist-and-durable-towel-rack-freestanding-metal-bathtub-rack-outdoor-pool-towel-rack-3-tier-bathroom-and-pool-storage-rack-47-2-inch-high-storage-rack-suitable-for-bathrooms-pools-and-gyms-black-g-601100553478433.html,Temu,16.96,0.00,16.96,101.76,,,84.80,83.3%,Candidate - needs review,,
"Pack of 4/8 Waffled Super Soft Bath Towels -- Super Absorbent, Quick-Drying Microfiber, 4 Bath Towels/2 Bath Towels, 2 Hand Towels & 4 Washcloths, for Spa, Fitness, Travel, Daily Home",Waffle-Weave Towel Pack,"A genuine waffle-weave bath towel pack, available in 4 or 8-piece configurations spanning bath towels, hand towels, and washcloths, and quick-drying despite the textured weave. This is the direct match for the waffle texture shown throughout Bluvana's own product photography and journal content -- unlike the plain microfiber towel set already in the catalog. It carries an extraordinary 11,699 verified reviews, the single most-validated listing sourced in this entire batch. A clear anchor product for the Finishing touches category.",https://www.temu.com/pack-of-4-8-waffled-super-soft-bath-towels-super-absorbent-quick-drying-microfiber-towels-for--4-bath-towels-2-bath-towels-2-hand-towels-4-washcloths--spa--daily-home-gym-use-great-gift--g-601100485950291.html,Temu,12.68,0.00,12.68,76.08,,,63.40,83.3%,Candidate - needs review,"This is the genuine waffle-weave match the original Oversized Bath Towel Set (plain microfiber) lacked -- keep both rows, since one covers a plain towel and this one covers the waffle texture shown throughout the brand's photography.",Waffle Bath Linens
"Unisex Bathrobe in Waffle Design",Waffle Bathrobe,"A unisex waffle-weave bathrobe, styled plainly enough to photograph well against the brand's neutral palette without any printed logos or novelty details. It's the natural companion product to the waffle towel line, extending the same texture language from towel to robe. It carries 73 verified reviews and ships from a local warehouse. A genuine main product that rounds out the bath-linen side of the catalog.",https://www.temu.com/unisex-bathrobe-in-waffle-design-g-601099614831198.html,Temu,21.54,0.00,21.54,129.24,,,107.70,83.3%,Candidate - needs review,,Waffle Bath Linens
"4pcs Long-Lasting 96-Hour Burn Time Unscented Soy & Palm Wax Candles in Metal Containers, 80g Each, 24-Hour Continuous Burn, Indoor/Outdoor Use",Unscented Soy Candle Set,"A set of four unscented soy-and-palm-wax candles in plain metal tins, each rated for a 96-hour total burn time. Unscented matters here specifically -- most competing candle listings lean hard into seasonal fragrance and holiday branding, which clashes with a minimalist bath-and-body positioning. It carries 418 verified reviews and ships in 1+ business day. Priced just above the $50 main-product floor once the standard markup is applied.",https://www.temu.com/4pcs-long-lasting-96-hour--unscented-soy-palm-wax-candles-in-metal-containers-80g-each-24-hour-continuous-burn-indoor-outdoor-use-for-camping-hiking-emergency-lighting-holiday-decor-halloween-christmas-easter-g-606201697927542.html,Temu,9.66,0.00,9.66,57.96,,,48.30,83.3%,Candidate - needs review,,Spa Ritual Set
"1pc/set 50ml (1.69oz) Reed Diffuser Set -- Elegant Aromatherapy with Long-Lasting Fragrance, for Bedroom, Living Room, Study",Reed Diffuser Set,"A 50ml reed diffuser set marketed for ambient rooms rather than bathrooms specifically, though the format works anywhere with a flat surface. It carries 843 verified reviews. The listing doesn't specify a scent family, which should be confirmed with the supplier before it's featured in any photography or product copy -- an unlabeled fragrance is a real risk for allergy-sensitive customers.",https://www.temu.com/1pc-set-50ml-1-69oz-reed-diffuser-set-elegant-therapy-with-long-lasting-fragrance-ideal-for-bedroom-living-room-study-sophisticated-home-decor-g-601100039112112.html,Temu,4.47,0.00,4.47,26.82,,,22.35,83.3%,Candidate - needs review,"AOV add-on, not a main product. Scent family not specified in the listing -- confirm before featuring in photography.",Spa Ritual Set
"UToPantica 16pcs/8pcs Luxurious Soft Towel Set -- 2/4 Bath Towels, 2/4 Hand Towels, 4/8 Washcloths, Skin-Friendly, Highly Absorbent, Quick-Drying, Thickened",Complete Bath Linen Set,"A complete 16-piece bath linen set from brand UToPantica spanning bath towels, hand towels, and washcloths in one purchase, thickened and quick-drying rather than the thin, scratchy towels common at this price point. It functions as a one-purchase way to fully stock a bathroom's towel needs, distinct from the standalone waffle and microfiber towel packs already sourced. It carries 4,926 verified reviews, one of the most heavily validated listings in the entire batch. A strong anchor for anyone building a starter bundle around the brand.",https://www.temu.com/-16pcs-8pcs-luxurious-soft--set-2-4-bath-s-2-4-hand-s-4-8-washcloths-luxurious--friendly--absorption-quick-drying-thickened-bathing--suitable-for--travel-fitness--g-601099584775368.html,Temu,26.25,0.00,26.25,157.50,,,131.25,83.3%,Candidate - needs review,,
"Bath Pillow Bathtub Pillow -- Luxury Bath Pillow for Tub Neck and Back Support, Soft 4D Mesh Fabric, Non-Slip Suction Cups",Bathtub Neck Pillow,"A 4D mesh bathtub pillow with non-slip suction cups, providing neck and back support for anyone taking an actual bath rather than a shower. Machine washable, quick-drying mesh keeps it from turning into a mildew risk, the main failure mode for bath pillows generally. It carries 237 verified reviews and ships in 2+ business days. A small relaxation-focused add-on for the finishing-touches shelf.",https://www.temu.com/bath-pillow-bathtub-pillow--pillows-for-tub-neck-and-back-support-bath-tub-pillow-headrest-with-soft--fabric-and-non-slip-suction-cups-relaxing-bath-accessories-spa-gifts-g-601102616574100.html,Temu,6.68,0.00,6.68,40.08,,,33.40,83.3%,Candidate - needs review,"AOV add-on, not a main product.",
"1/6/12pcs Sefralls Turmeric Soap Set -- Turmeric Plant Extract, Mild Formula, Suitable for Face and Body, Cleansing and Moisturizing",Turmeric Bar Soap Set,"A bar soap set formulated with turmeric plant extract, positioned as a mild face-and-body cleanser rather than a decorative or novelty soap. Natural-ingredient bar soap fits a minimalist bath-and-body line better than most of the branded, heavily-packaged options in this category. It carries 1,052 verified reviews and ships in 2+ business days. A genuine consumable add-on, the kind of item that drives repeat orders once a customer likes it.",https://www.temu.com/1-6-12pcs--turmeric-soap-set-turmeric-plant--mild-formula-does-not--suitable-for-face-and-body-turmeric-soap-cleansing-and-moisturizing--utility-pack-gift-options-g-601101204935606.html,Temu,2.22,0.00,2.22,13.32,,,11.10,83.3%,Candidate - needs review,"AOV add-on, not a main product.",
"14pcs Eucalyptus Shower Steamers -- Essential Oil Infused Bath Salt Balls, Fresh Scent, for Normal Skin",Eucalyptus Shower Steamers,"A 14-piece set of eucalyptus shower steamers -- essential-oil-infused salt tablets that dissolve underfoot in a running shower and release scent through steam, an increasingly popular at-home spa category. Eucalyptus specifically reads as clean and unisex rather than the sweeter, more seasonal scents common in competing sets. It carries 293 verified reviews and ships in 2+ business days. A genuine main-product-tier consumable once the standard markup is applied.",https://www.temu.com/14pcs-eucalyptus-shower-steamers-essential-oil-infused-bath-salt-balls-ideal-for-normal--scent-perfect-halloween-christmas-birthday-gift-for-men-and-women-must-have--use-bath-accessory-local-warehouse-g-601100881762014.html,Temu,11.94,0.00,11.94,71.64,,,59.70,83.3%,Candidate - needs review,,Spa Ritual Set
"6 Piece Egyptian Cotton Towel Set, 100% Egyptian Cotton, 650gsm, Positioned for Guests -- Includes 2 Bath Towels (30x54in), 2 Hand Towels (16x30in), 2 Washcloths (13x13in)",Egyptian Cotton Guest Towels,"A 6-piece towel set in genuine 650gsm Egyptian cotton -- two bath towels at 30x54 inches, two hand towels, and two washcloths -- positioned in its own listing as guest-quality rather than everyday-use towels. Egyptian cotton is a real material-quality marker that justifies a premium price point more credibly than ""luxury"" marketing language alone. It carries 1,695 verified reviews. The premium tier of the towel lineup, meant to sit above the waffle and microfiber sets rather than replace them.",https://www.temu.com/6-piece--towel---of-100---for-its--absorbency-and---towels-make-an-ideal--to-any-bathroom--you--to--yourself-or-reserve-it-for-special-guests-the-medium-density-650gsm-towel-will-soak-up--for-noticeable-absorbency-and-dry-quickly-for--feeling-with-each-use-bath-towels-measure-30-x-54-inches-hand-towels-measure-16-x-30-inches-washcloths-measure-13-x-13-inches-g-602766630067312.html,Temu,23.30,0.00,23.30,139.80,,,116.50,83.3%,Candidate - needs review,"Product Name reconstructed from a partially-garbled listing title (source page text had words dropped from formatting); dimensions and material claims are taken directly from what was legible.",
"6pcs Bath Set -- Bath Sponges, Bath Brush, Foot Scrubber, and Sisal Bath Sponge",Natural Bath Sponge Set,"A 6-piece bath accessory set spanning sponges, a bath brush, a foot scrubber, and a natural sisal sponge, sold together as a starter kit for shower exfoliation tools. The sisal and natural-fiber pieces fit a minimalist wellness brand well, though the listing's own packaging is described as a holiday gift box, which should be checked before it appears in any product photography. It carries 289 verified reviews and ships from a local warehouse. A modest add-on rounding out the finishing-touches shelf.",https://www.temu.com/6pcs-bath-set-including-bath-sponges-bath-brush--scrubber-and-sisal-bath-sponge-holiday-gift-box-christmas-gift-gift-for-women-g-605698784085229.html,Temu,5.88,0.00,5.88,35.28,,,29.40,83.3%,Candidate - needs review,"AOV add-on, not a main product. Listing markets itself as a holiday gift box -- verify the actual packaging isn't overtly Christmas-branded before photographing it for the store.",
"White Caulk Tape, Waterproof Self-Adhesive -- Bathroom Caulk/Toilet Caulk Strip, Bathtub Sealing Strip Tape, Shower Caulk",Bathroom Caulk Strip,"A roll of self-adhesive white caulk tape that lays over an existing bathtub, sink, or toilet seam to hide cracked or discolored grout without a full re-caulking job. It's a genuine maintenance product rather than a lifestyle accessory, which is exactly what the Repair category calls for. It carries 1,666 verified reviews and ships in 2+ business days. The clearest true Repair-category candidate sourced this round; included mainly for category completeness given its trivial unit economics.",https://www.temu.com/white-caulk-tape-waterproof-self--white-bathroom-caulk-toilet-caulk-strip-bathtub-sealing-strip-tape-for-bathroom-caulking-tape-shower-caulk-g-601102071200541.html,Temu,1.08,0.00,1.08,6.48,,,5.40,83.3%,Candidate - needs review,"AOV add-on -- genuinely the only caulk/patch-kit-style item found, matching the Repair category example given. Trivial unit cost; included mainly for category completeness rather than as a revenue driver.",
"2024 Electric Spin Scrubber -- Dual Adjustable Speeds, Detachable Extension Handle, 7 Replaceable Brush Heads, for Floor, Bathroom Tub, Tile",Electric Grout Scrubber,"A cordless, dual-speed electric spin scrubber with a detachable extension handle and seven interchangeable brush heads, built specifically for scrubbing tile grout, tubs, and shower floors without kneeling. It's a maintenance tool rather than a lifestyle accessory, fitting the Repair category's actual intent -- keeping a small bathroom's hard surfaces clean rather than decorating it. It carries an exceptional 12,604 verified reviews, one of the highest counts in the entire batch. A genuine main-product-tier maintenance tool once the standard markup applies.",https://www.temu.com/2024-electric-spin-scrubber-dual-adjustable--electric-scrubber-for-cleaning-adjustable-detachable-handle-shower-scrubber-with-7-replaceable-brush-heads-for-floor-bathroom-tub-tile-g-601099600858621.html,Temu,13.50,0.00,13.50,81.00,,,67.50,83.3%,Candidate - needs review,"Second Repair-category item -- a genuine maintenance tool (tile/grout cleaning) rather than a lifestyle accessory, fitting the category's intent even though it's not literally a caulk kit.",
